{
	"debugLog": null,
	"entries": [{
		"activity_id": 10016665,
		"activity_ids": [10016665],
		"background": "",
		"background_color": "FF5D2F",
		"business_flag": 0,
		"description": "",
		"description_color": null,
		"description_image_hash": null,
		"icon_hash": null,
		"icon_text": null,
		"id": 20133249,
		"image_hash": "7d8a867c870b22bc74c87c348b75528djpeg",
		"is_in_serving": true,
		"is_need_bind_taobao": true,
		"is_personalized": false,
		"link": "eleme://restaurants?target_name=%E7%BE%8E%E9%A3%9F&page_type=2&navType=2&activity_id=10016665&color_type=1&animation_type=1&business_flag=0&search_source=1&navColor=&entry_id=20133249&target=%7B%22delivery_mode%22%3A%5B%5D%2C%22category_schema%22%3A%7B%22complex_category_ids%22%3A%5B770%2C514%2C1026%2C1282%2C263%2C266%2C778%2C522%2C1034%2C1290%2C267%2C268%2C269%2C786%2C530%2C1042%2C1298%2C794%2C538%2C1050%2C1306%2C802%2C546%2C1058%2C1314%2C810%2C554%2C1066%2C1322%2C818%2C562%2C1074%2C1330%2C826%2C570%2C1082%2C1338%2C834%2C578%2C1090%2C1346%2C842%2C586%2C1098%2C1354%2C850%2C594%2C1106%2C1362%2C858%2C602%2C346%2C1114%2C354%2C866%2C610%2C1122%2C362%2C874%2C618%2C1130%2C370%2C882%2C626%2C1138%2C378%2C890%2C634%2C1146%2C386%2C898%2C642%2C1154%2C394%2C906%2C650%2C1162%2C402%2C914%2C658%2C1170%2C410%2C922%2C666%2C1178%2C418%2C930%2C674%2C1186%2C426%2C938%2C682%2C1194%2C434%2C946%2C690%2C1202%2C442%2C954%2C698%2C1210%2C450%2C706%2C962%2C1218%2C458%2C970%2C714%2C1226%2C209%2C466%2C978%2C722%2C1234%2C212%2C214%2C474%2C218%2C986%2C730%2C221%2C222%2C223%2C224%2C225%2C482%2C226%2C994%2C738%2C1250%2C227%2C228%2C232%2C490%2C746%2C234%2C1002%2C1258%2C236%2C240%2C241%2C498%2C754%2C1010%2C242%2C1266%2C249%2C762%2C506%2C1018%2C250%2C1274%5D%7D%2C%22restaurant_category_id%22%3A%5B770%2C514%2C1026%2C1282%2C263%2C266%2C778%2C522%2C1034%2C1290%2C267%2C268%2C269%2C786%2C530%2C1042%2C1298%2C794%2C538%2C1050%2C1306%2C802%2C546%2C1058%2C1314%2C810%2C554%2C1066%2C1322%2C818%2C562%2C1074%2C1330%2C826%2C570%2C1082%2C1338%2C834%2C578%2C1090%2C1346%2C842%2C586%2C1098%2C1354%2C850%2C594%2C1106%2C1362%2C858%2C602%2C346%2C1114%2C354%2C866%2C610%2C1122%2C362%2C874%2C618%2C1130%2C370%2C882%2C626%2C1138%2C378%2C890%2C634%2C1146%2C386%2C898%2C642%2C1154%2C394%2C906%2C650%2C1162%2C402%2C914%2C658%2C1170%2C410%2C922%2C666%2C1178%2C418%2C930%2C674%2C1186%2C426%2C938%2C682%2C1194%2C434%2C946%2C690%2C1202%2C442%2C954%2C698%2C1210%2C450%2C706%2C962%2C1218%2C458%2C970%2C714%2C1226%2C209%2C466%2C978%2C722%2C1234%2C212%2C214%2C474%2C218%2C986%2C730%2C221%2C222%2C223%2C224%2C225%2C482%2C226%2C994%2C738%2C1250%2C227%2C228%2C232%2C490%2C746%2C234%2C1002%2C1258%2C236%2C240%2C241%2C498%2C754%2C1010%2C242%2C1266%2C249%2C762%2C506%2C1018%2C250%2C1274%5D%7D&contentMarkInfo=%7B%22entryId%22%3A20133249%2C%22entryName%22%3A%22%E7%BE%8E%E9%A3%9F%22%7D",
		"more": "{}",
		"name": "美食",
		"name_color": "",
		"position": 1,
		"title_image_hash": null
	}, {
		"activity_id": 10128913,
		"activity_ids": [10128913],
		"background": "",
		"background_color": "FF5D2F",
		"business_flag": 0,
		"description": "",
		"description_color": null,
		"description_image_hash": null,
		"icon_hash": null,
		"icon_text": null,
		"id": 20325914,
		"image_hash": "a7bb02bd836411c016935d258b300cfejpeg",
		"is_in_serving": true,
		"is_need_bind_taobao": true,
		"is_personalized": false,
		"link": "eleme://restaurants?target_name=%E5%A4%A7%E7%89%8C%E6%83%A0%E5%90%83&banner_type=0&page_type=2&navType=0&activity_id=10128913&color_type=1&animation_type=1&business_flag=0&search_source=1&navColor=&entry_id=20325914&target=%7B%22is_premium%22%3A1%2C%22specified_attributes%22%3A%5B8%5D%2C%22support_ids%22%3A%5B8%5D%7D&contentMarkInfo=%7B%22entryId%22%3A20325914%2C%22entryName%22%3A%22%E5%A4%A7%E7%89%8C%E6%83%A0%E5%90%83%22%7D",
		"more": "{}",
		"name": "大牌惠吃",
		"name_color": "",
		"position": 2,
		"title_image_hash": null
	}, {
		"activity_id": null,
		"activity_ids": null,
		"background": "",
		"background_color": "FF5D2F",
		"business_flag": 0,
		"description": "",
		"description_color": null,
		"description_image_hash": null,
		"icon_hash": null,
		"icon_text": null,
		"id": 20325962,
		"image_hash": "e58bceb19258e3264e64fb856722c3c1jpeg",
		"is_in_serving": true,
		"is_need_bind_taobao": true,
		"is_personalized": false,
		"link": "https://pt.ele.me/paotui/h5/h5index#pageData=%7B%22entrance%22%3A%22yinhangqudao%22%7D&contentMarkInfo=%7B%22entryId%22%3A20325962%2C%22entryName%22%3A%22%E8%B7%91%E8%85%BF%E4%BB%A3%E8%B4%AD%22%7D",
		"more": "{}",
		"name": "跑腿代购",
		"name_color": "",
		"position": 7,
		"title_image_hash": null
	}, {
		"activity_id": 10123281,
		"activity_ids": [10123281],
		"background": "",
		"background_color": "FF5D2F",
		"business_flag": 0,
		"description": "",
		"description_color": null,
		"description_image_hash": null,
		"icon_hash": null,
		"icon_text": null,
		"id": 20519155,
		"image_hash": "b7f432619fb21a40b05cd25d11eca02djpeg",
		"is_in_serving": true,
		"is_need_bind_taobao": true,
		"is_personalized": false,
		"link": "eleme://restaurants?target_name=%E6%B1%89%E5%A0%A1%E6%8A%AB%E8%90%A8&page_type=2&navType=2&activity_id=10123281&color_type=1&animation_type=1&business_flag=0&search_source=1&navColor=&entry_id=20519155&target=%7B%22delivery_mode%22%3A%5B%5D%2C%22category_schema%22%3A%7B%22complex_category_ids%22%3A%5B1042%2C212%2C1050%5D%7D%2C%22restaurant_category_id%22%3A%5B1042%2C212%2C1050%5D%7D&contentMarkInfo=%7B%22entryId%22%3A20519155%2C%22entryName%22%3A%22%E6%B1%89%E5%A0%A1%E6%8A%AB%E8%90%A8%22%7D",
		"more": "{}",
		"name": "汉堡披萨",
		"name_color": "",
		"position": 8,
		"title_image_hash": null
	}, {
		"activity_id": 10021705,
		"activity_ids": [10021705],
		"background": "",
		"background_color": "FF5D2F",
		"business_flag": 0,
		"description": "",
		"description_color": null,
		"description_image_hash": null,
		"icon_hash": null,
		"icon_text": null,
		"id": 20133209,
		"image_hash": "7d66f2631288a44ec177204e05cbcb93jpeg",
		"is_in_serving": true,
		"is_need_bind_taobao": true,
		"is_personalized": false,
		"link": "eleme://restaurants?target_name=%E5%9C%B0%E6%96%B9%E5%B0%8F%E5%90%83&page_type=1&navType=0&activity_id=10021705&color_type=1&animation_type=1&business_flag=0&search_source=1&navColor=&entry_id=20133209&target=%7B%22delivery_mode%22%3A%5B%5D%2C%22category_schema%22%3A%7B%22complex_category_ids%22%3A%5B234%2C235%2C237%5D%7D%2C%22restaurant_category_id%22%3A%5B234%2C235%2C237%5D%7D&contentMarkInfo=%7B%22entryId%22%3A20133209%2C%22entryName%22%3A%22%E5%9C%B0%E6%96%B9%E5%B0%8F%E5%90%83%22%7D",
		"more": "{}",
		"name": "地方小吃",
		"name_color": "",
		"position": 14,
		"title_image_hash": null
	}, {
		"activity_id": 10123353,
		"activity_ids": [10123353],
		"background": "",
		"background_color": "FF5D2F",
		"business_flag": 0,
		"description": "",
		"description_color": null,
		"description_image_hash": null,
		"icon_hash": null,
		"icon_text": null,
		"id": 20554347,
		"image_hash": "e89185f7259ebda19e16123884a60ef2jpeg",
		"is_in_serving": true,
		"is_need_bind_taobao": true,
		"is_personalized": false,
		"link": "eleme://restaurants?target_name=%E7%B1%B3%E7%B2%89%E9%9D%A2%E9%A6%86&page_type=2&navType=2&activity_id=10123353&color_type=1&animation_type=1&business_flag=0&search_source=1&navColor=&entry_id=20554347&target=%7B%22delivery_mode%22%3A%5B%5D%2C%22category_schema%22%3A%7B%22complex_category_ids%22%3A%5B354%2C386%2C418%2C802%2C834%2C930%2C362%2C394%2C746%2C842%2C906%2C1034%2C370%2C402%2C754%2C850%2C914%2C378%2C410%2C474%2C762%2C794%2C826%2C1050%5D%7D%2C%22restaurant_category_id%22%3A%5B354%2C386%2C418%2C802%2C834%2C930%2C362%2C394%2C746%2C842%2C906%2C1034%2C370%2C402%2C754%2C850%2C914%2C378%2C410%2C474%2C762%2C794%2C826%2C1050%5D%7D&contentMarkInfo=%7B%22entryId%22%3A20554347%2C%22entryName%22%3A%22%E7%B1%B3%E7%B2%89%E9%9D%A2%E9%A6%86%22%7D",
		"more": "{}",
		"name": "米粉面馆",
		"name_color": "",
		"position": 18,
		"title_image_hash": null
	}, {
		"activity_id": 10123241,
		"activity_ids": [10123241],
		"background": "",
		"background_color": "FF5D2F",
		"business_flag": 0,
		"description": "",
		"description_color": null,
		"description_image_hash": null,
		"icon_hash": null,
		"icon_text": null,
		"id": 20554299,
		"image_hash": "51adc885d2ce022d2ee60495acafb795jpeg",
		"is_in_serving": true,
		"is_need_bind_taobao": true,
		"is_personalized": false,
		"link": "eleme://restaurants?target_name=%E5%8C%85%E5%AD%90%E7%B2%A5%E5%BA%97&page_type=2&navType=2&activity_id=10123241&color_type=1&animation_type=1&business_flag=0&search_source=1&navColor=&entry_id=20554299&target=%7B%22delivery_mode%22%3A%5B%5D%2C%22category_schema%22%3A%7B%22complex_category_ids%22%3A%5B418%2C482%2C770%2C802%2C834%2C866%2C930%2C354%2C490%2C778%2C842%2C874%2C362%2C402%2C498%2C786%2C410%2C474%2C794%2C826%2C858%2C922%2C890%5D%7D%2C%22restaurant_category_id%22%3A%5B418%2C482%2C770%2C802%2C834%2C866%2C930%2C354%2C490%2C778%2C842%2C874%2C362%2C402%2C498%2C786%2C410%2C474%2C794%2C826%2C858%2C922%2C890%5D%7D&contentMarkInfo=%7B%22entryId%22%3A20554299%2C%22entryName%22%3A%22%E5%8C%85%E5%AD%90%E7%B2%A5%E5%BA%97%22%7D",
		"more": "{}",
		"name": "包子粥店",
		"name_color": "",
		"position": 20,
		"title_image_hash": null
	}, {
		"activity_id": 10123265,
		"activity_ids": [10123265],
		"background": "",
		"background_color": "FF5D2F",
		"business_flag": 0,
		"description": "",
		"description_color": null,
		"description_image_hash": null,
		"icon_hash": null,
		"icon_text": null,
		"id": 20554339,
		"image_hash": "a780fb469b2da210827ec16896e00420jpeg",
		"is_in_serving": true,
		"is_need_bind_taobao": true,
		"is_personalized": false,
		"link": "eleme://restaurants?target_name=%E7%82%B8%E9%B8%A1%E9%B8%AD%E8%84%96&page_type=2&navType=2&activity_id=10123265&color_type=1&animation_type=1&business_flag=0&search_source=1&navColor=&entry_id=20554339&target=%7B%22delivery_mode%22%3A%5B%5D%2C%22category_schema%22%3A%7B%22complex_category_ids%22%3A%5B1474%2C234%2C1162%5D%7D%2C%22restaurant_category_id%22%3A%5B1474%2C234%2C1162%5D%7D&contentMarkInfo=%7B%22entryId%22%3A20554339%2C%22entryName%22%3A%22%E7%82%B8%E9%B8%A1%E7%82%B8%E4%B8%B2%22%7D",
		"more": "{}",
		"name": "炸鸡炸串",
		"name_color": "",
		"position": 23,
		"title_image_hash": null
	}],
	"groupNameImageHash": null,
	"group_name": "main",
	"group_type": 1,
	"rank_id": null,
	"ranking_weight": 100,
	"template": "main_template"
}
